学籍番号,名前,ふりがな,性別,IDm
S004,荒松晴一,あらまつせいいち,男,012E44A7A518807A
S005,有福政昭,ありふくまさあき,男,012E44A7A5159B8D
S006,飯坂新司,いいざかしんじ,男,012E44A7A515A75C
S011,市之瀬龍治,いちのせりゅうじ,男,012E44A7A5156DA9
S014,入澤結香,いりさわゆいか,女,012E44A7A5156A5A
S015,印公一,いんきみかず,男,012E44A7A5117921
S018,越前広,えちぜんひろし,男,012E44A7A5159FA1
S020,太内信章,おおうちのぶあき,男,012E44A7A5153B80
S022,大舘俊幸,おおだてとしゆき,男,012E44A7A5123042
S025,岡松慎一郎,おかまつしんいちろう,男,012E44A7A5185F32
S026,小笠公平,おがさこうへい,男,012E44A7A5181C82
S031,株竹智信,かぶたけとものぶ,男,012E44A7A5188F3F
S033,木口屋一輝,きぐちやかずき,男,012E44A7A5183188
S035,貴下紗侑里,きしたさゆり,女,012E44A7A5187159
S037,清冨芳博,きよとみよしひろ,男,012E44A7A515B76D
S039,久木原光貴,くきはらこうき,男,012E44A7A5129197
S040,串間洋治,くしまようじ,男,012E44A7A5123A87
S043,古橋哲幸,こはしてつゆき,男,012E44A7A5115950
S045,古明地宏人,こめいじひろと,男,012E44A7A5124687
S046,作花譲,さくかじょう,男,012E44A7A51538A8
S047,佐中将幸,さなかまさゆき,男,012E44A7A5152584
S050,下河内公成,しもこうちきみなり,男,012E44A7A51596B6
S052,末満泰治,すえみつたいじ,男,012E44A7A511AE80
S054,鷹取知也,たかとりともや,男,012E44A7A515587D
S056,田盛毅彦,たもりたけひこ,男,012E44A7A5111D86
S058,太矢浩将,たやひろまさ,男,012E44A7A5127497
S060,鄭健一郎,ちょんけんいちろう,男,012E44A7A515235C
S064,徳益榮,とくますさかえ,男,012E44A7A5154E78
S065,戸津崎礼央奈,とつざきれおな,女,012E44A7A515A494
S068,堂脇一志,どうわきひとし,男,012E44A7A5185054
S072,西関真寿,にしぜきまさとし,男,012E44A7A5158998
S074,野焼城司,のやきじょうじ,男,012E44A7A515729B
S076,波佐間敬次,はざまけいじ,男,012E44A7A5157E58
S077,蓮池夕加里,はすいけゆかり,女,012E44A7A5159335
S079,波頭直司,はとうなおし,男,012E44A7A518269E
S081,菱泰章,ひしやすあき,男,012E44A7A5185260
S083,樋爪顕治,ひづめけんじ,男,012E44A7A5182058
S086,深野木茂則,ふかのきしげのり,男,012E44A7A518AB94
S090,八武崎榛菜,やぶさきはるな,女,012E44A7A518A145
S091,山畑照樹,やまばたてるき,男,012E44A7A5128D80
S094,弓座義政,ゆみざよしまさ,男,012E44A7A515207D
S096,吉馴典和,よしなれのりかず,男,012E44A7A518A8B0
S097,吉広清悟,よしひろせいご,男,012E44A7A5125552
S099,与那豊茂,よなとよしげ,男,012E44A7A5188331
S100,渡利雄祐,わたりゆうすけ,男,012E44A7A5112853