学籍番号,名前,ふりがな,性別,IDm
S002,揚村巴絵,あげむらともえ,女,012E44A7A518527D
S004,荒松晴一,あらまつせいいち,男,012E44A7A518807A
S006,飯坂新司,いいざかしんじ,男,012E44A7A515A75C
S007,池澄晃樹,いけずみこうき,男,012E44A7A5158B31
S013,井内早絵子,いないさえこ,女,012E44A7A5157F61
S014,入澤結香,いりさわゆいか,女,012E44A7A5156A5A
S022,大舘俊幸,おおだてとしゆき,男,012E44A7A5123042
S023,大野貴暁,おおのたかあき,男,012E44A7A5123C39
S025,岡松慎一郎,おかまつしんいちろう,男,012E44A7A5185F32
S034,城崎成寿,きざきなりひさ,男,012E44A7A518712C
S035,貴下紗侑里,きしたさゆり,女,012E44A7A5187159
S036,木野大右,きのだいすけ,男,012E44A7A5185BA4
S041,久保西敏憲,くぼにしとしのり,男,012E44A7A515317D
S042,古岩井忠利,こいわいただとし,男,012E44A7A5116953
S047,佐中将幸,さなかまさゆき,男,012E44A7A5152584
S055,滝田俊明,たきたとしあき,男,012E44A7A5155770
S060,鄭健一郎,ちょんけんいちろう,男,012E44A7A515235C
S065,戸津崎礼央奈,とつざきれおな,女,012E44A7A515A494
S066,友藤竜治,ともふじりゅうじ,男,012E44A7A5188758
S069,中妻潔志,なかつまきよし,男,012E44A7A5188329
S070,中松光一,なかまつこういち,男,012E44A7A515305C
S076,波佐間敬次,はざまけいじ,男,012E44A7A5157E58
S077,蓮池夕加里,はすいけゆかり,女,012E44A7A5159335
S083,樋爪顕治,ひづめけんじ,男,012E44A7A5182058
S086,深野木茂則,ふかのきしげのり,男,012E44A7A518AB94
S089,八下田駿佑,やげたしゅんすけ,男,012E44A7A51832AB
S090,八武崎榛菜,やぶさきはるな,女,012E44A7A518A145